escala,motor,clase,nombre_consulta,regimen,repeticion,tiempo
1,estrella,agregacion_simple,consulta1,frio,0,0.04751180000312161
1,estrella,agregacion_simple,consulta1,caliente,1,0.009164999995846301
1,estrella,agregacion_simple,consulta1,caliente,2,0.010996199998771772
1,estrella,agregacion_simple,consulta1,caliente,3,0.010685999994166195
1,estrella,agregacion_simple,consulta1,caliente,4,0.010372399992775172
1,estrella,agregacion_simple,consulta1,caliente,5,0.009190199998556636
1,estrella,agregacion_simple,consulta2,frio,0,0.00565900000219699
1,estrella,agregacion_simple,consulta2,caliente,1,0.0031648000003769994
1,estrella,agregacion_simple,consulta2,caliente,2,0.003263799997512251
1,estrella,agregacion_simple,consulta2,caliente,3,0.00327429999015294
1,estrella,agregacion_simple,consulta2,caliente,4,0.0035345999931450933
1,estrella,agregacion_simple,consulta2,caliente,5,0.003261300007579848
1,estrella,agregacion_simple,consulta3,frio,0,0.00862290000077337
1,estrella,agregacion_simple,consulta3,caliente,1,0.006310500000836328
1,estrella,agregacion_simple,consulta3,caliente,2,0.0059889999974984676
1,estrella,agregacion_simple,consulta3,caliente,3,0.0061707999993814155
1,estrella,agregacion_simple,consulta3,caliente,4,0.006175800008350052
1,estrella,agregacion_simple,consulta3,caliente,5,0.006720199991832487
1,estrella,alta_selectividad,consulta1,frio,0,0.006271899997955188
1,estrella,alta_selectividad,consulta1,caliente,1,0.0012212000001454726
1,estrella,alta_selectividad,consulta1,caliente,2,0.0015445000026375055
1,estrella,alta_selectividad,consulta1,caliente,3,0.0013615000061690807
1,estrella,alta_selectividad,consulta1,caliente,4,0.001110299999709241
1,estrella,alta_selectividad,consulta1,caliente,5,0.001026600002660416
1,estrella,alta_selectividad,consulta2,frio,0,0.0018715000041993335
1,estrella,alta_selectividad,consulta2,caliente,1,0.0008092000061878935
1,estrella,alta_selectividad,consulta2,caliente,2,0.0008489999891025946
1,estrella,alta_selectividad,consulta2,caliente,3,0.000607900001341477
1,estrella,alta_selectividad,consulta2,caliente,4,0.0006917999999132007
1,estrella,alta_selectividad,consulta2,caliente,5,0.0007061000069370493
1,estrella,alta_selectividad,consulta3,frio,0,0.0012661999935517088
1,estrella,alta_selectividad,consulta3,caliente,1,0.0011703999916790053
1,estrella,alta_selectividad,consulta3,caliente,2,0.0011399000068195164
1,estrella,alta_selectividad,consulta3,caliente,3,0.0010888000106206164
1,estrella,alta_selectividad,consulta3,caliente,4,0.0011285000073257834
1,estrella,alta_selectividad,consulta3,caliente,5,0.0011407999991206452
1,estrella,alta_selectividad_join,consulta1,frio,0,0.0033235000009881333
1,estrella,alta_selectividad_join,consulta1,caliente,1,0.0017073000053642318
1,estrella,alta_selectividad_join,consulta1,caliente,2,0.0017181000002892688
1,estrella,alta_selectividad_join,consulta1,caliente,3,0.00211870000930503
1,estrella,alta_selectividad_join,consulta1,caliente,4,0.001779700003680773
1,estrella,alta_selectividad_join,consulta1,caliente,5,0.001586200000019744
1,estrella,alta_selectividad_join,consulta2,frio,0,0.0031128000118769705
1,estrella,alta_selectividad_join,consulta2,caliente,1,0.0027479999989736825
1,estrella,alta_selectividad_join,consulta2,caliente,2,0.002407000007224269
1,estrella,alta_selectividad_join,consulta2,caliente,3,0.0023129999899538234
1,estrella,alta_selectividad_join,consulta2,caliente,4,0.0027053999947384
1,estrella,alta_selectividad_join,consulta2,caliente,5,0.0022040000039851293
1,estrella,alta_selectividad_join,consulta3,frio,0,0.0022296000097412616
1,estrella,alta_selectividad_join,consulta3,caliente,1,0.001970099998288788
1,estrella,alta_selectividad_join,consulta3,caliente,2,0.0021874000085517764
1,estrella,alta_selectividad_join,consulta3,caliente,3,0.0018121000030077994
1,estrella,alta_selectividad_join,consulta3,caliente,4,0.002087000000756234
1,estrella,alta_selectividad_join,consulta3,caliente,5,0.001735099998768419
1,estrella,joins_agregacion,consulta1,frio,0,0.022644500000751577
1,estrella,joins_agregacion,consulta1,caliente,1,0.015698899995186366
1,estrella,joins_agregacion,consulta1,caliente,2,0.017282700006035157
1,estrella,joins_agregacion,consulta1,caliente,3,0.014367800002219155
1,estrella,joins_agregacion,consulta1,caliente,4,0.013092699999106117
1,estrella,joins_agregacion,consulta1,caliente,5,0.016289399995002896
1,estrella,joins_agregacion,consulta2,frio,0,0.026194399993983097
1,estrella,joins_agregacion,consulta2,caliente,1,0.022797500001615845
1,estrella,joins_agregacion,consulta2,caliente,2,0.02378099999623373
1,estrella,joins_agregacion,consulta2,caliente,3,0.028850199989392422
1,estrella,joins_agregacion,consulta2,caliente,4,0.025957699996070005
1,estrella,joins_agregacion,consulta2,caliente,5,0.026503300003241748
1,estrella,joins_agregacion,consulta3,frio,0,0.012858799993409775
1,estrella,joins_agregacion,consulta3,caliente,1,0.015236399995046668
1,estrella,joins_agregacion,consulta3,caliente,2,0.015295800010790117
1,estrella,joins_agregacion,consulta3,caliente,3,0.011090100000728853
1,estrella,joins_agregacion,consulta3,caliente,4,0.009043500002007931
1,estrella,joins_agregacion,consulta3,caliente,5,0.010975200013490394
1,oltp,agregacion_simple,consulta_1,frio,0,0.0773546999989776
1,oltp,agregacion_simple,consulta_1,caliente,1,0.0012424000015016645
1,oltp,agregacion_simple,consulta_1,caliente,2,0.0010990000009769574
1,oltp,agregacion_simple,consulta_1,caliente,3,0.0011121999996248633
1,oltp,agregacion_simple,consulta_1,caliente,4,0.0010345000046072528
1,oltp,agregacion_simple,consulta_1,caliente,5,0.0010856000008061528
1,oltp,agregacion_simple,consulta_2,frio,0,0.03807930000766646
1,oltp,agregacion_simple,consulta_2,caliente,1,0.0037346000026445836
1,oltp,agregacion_simple,consulta_2,caliente,2,0.0030223000067053363
1,oltp,agregacion_simple,consulta_2,caliente,3,0.005620100011583418
1,oltp,agregacion_simple,consulta_2,caliente,4,0.0031602999952156097
1,oltp,agregacion_simple,consulta_2,caliente,5,0.003643000003648922
1,oltp,agregacion_simple,consulta_3,frio,0,0.018436800004565157
1,oltp,agregacion_simple,consulta_3,caliente,1,0.0036598000006051734
1,oltp,agregacion_simple,consulta_3,caliente,2,0.0028366000042296946
1,oltp,agregacion_simple,consulta_3,caliente,3,0.00279949999821838
1,oltp,agregacion_simple,consulta_3,caliente,4,0.0028916000010212883
1,oltp,agregacion_simple,consulta_3,caliente,5,0.002820099995005876
1,oltp,alta_selectividad,consulta_1,frio,0,0.011211899996851571
1,oltp,alta_selectividad,consulta_1,caliente,1,0.0002810000005410984
1,oltp,alta_selectividad,consulta_1,caliente,2,0.00015560000611003488
1,oltp,alta_selectividad,consulta_1,caliente,3,9.919999865815043e-05
1,oltp,alta_selectividad,consulta_1,caliente,4,0.00010810000821948051
1,oltp,alta_selectividad,consulta_1,caliente,5,0.00019150000298395753
1,oltp,alta_selectividad,consulta_2,frio,0,0.00842969999939669
1,oltp,alta_selectividad,consulta_2,caliente,1,0.0001863000070443377
1,oltp,alta_selectividad,consulta_2,caliente,2,8.759999764151871e-05
1,oltp,alta_selectividad,consulta_2,caliente,3,7.049999840091914e-05
1,oltp,alta_selectividad,consulta_2,caliente,4,6.520000169984996e-05
1,oltp,alta_selectividad,consulta_2,caliente,5,6.259999645408243e-05
1,oltp,alta_selectividad,consulta_3,frio,0,0.00995350000448525
1,oltp,alta_selectividad,consulta_3,caliente,1,0.0003294000052846968
1,oltp,alta_selectividad,consulta_3,caliente,2,0.00011140000424347818
1,oltp,alta_selectividad,consulta_3,caliente,3,7.330000516958535e-05
1,oltp,alta_selectividad,consulta_3,caliente,4,6.540000322274864e-05
1,oltp,alta_selectividad,consulta_3,caliente,5,0.0001218999968841672
1,oltp,alta_selectividad_join,consulta_1,frio,0,0.01313520000257995
1,oltp,alta_selectividad_join,consulta_1,caliente,1,0.0004118000069865957
1,oltp,alta_selectividad_join,consulta_1,caliente,2,0.00027859999681822956
1,oltp,alta_selectividad_join,consulta_1,caliente,3,0.0002432000037515536
1,oltp,alta_selectividad_join,consulta_1,caliente,4,0.00024850000045262277
1,oltp,alta_selectividad_join,consulta_1,caliente,5,0.0002502999996067956
1,oltp,alta_selectividad_join,consulta_2,frio,0,0.015715799992904067
1,oltp,alta_selectividad_join,consulta_2,caliente,1,0.0004837000014958903
1,oltp,alta_selectividad_join,consulta_2,caliente,2,0.0004985999985365197
1,oltp,alta_selectividad_join,consulta_2,caliente,3,0.0005487000016728416
1,oltp,alta_selectividad_join,consulta_2,caliente,4,0.00048210000386461616
1,oltp,alta_selectividad_join,consulta_2,caliente,5,0.0008200999873224646
1,oltp,alta_selectividad_join,consulta_3,frio,0,0.035594699991634116
1,oltp,alta_selectividad_join,consulta_3,caliente,1,0.0008123000006889924
1,oltp,alta_selectividad_join,consulta_3,caliente,2,0.0008544000011170283
1,oltp,alta_selectividad_join,consulta_3,caliente,3,0.0007406000077025965
1,oltp,alta_selectividad_join,consulta_3,caliente,4,0.0007431999983964488
1,oltp,alta_selectividad_join,consulta_3,caliente,5,0.0007049999985611066
1,oltp,joins_agregacion,consulta_1,frio,0,0.1013564999884693
1,oltp,joins_agregacion,consulta_1,caliente,1,0.02005210000788793
1,oltp,joins_agregacion,consulta_1,caliente,2,0.03578640001069289
1,oltp,joins_agregacion,consulta_1,caliente,3,0.03375950000190642
1,oltp,joins_agregacion,consulta_1,caliente,4,0.022495600002002902
1,oltp,joins_agregacion,consulta_1,caliente,5,0.013168599994969554
1,oltp,joins_agregacion,consulta_2,frio,0,0.03250690001004841
1,oltp,joins_agregacion,consulta_2,caliente,1,0.009610799999791197
1,oltp,joins_agregacion,consulta_2,caliente,2,0.011985299992375076
1,oltp,joins_agregacion,consulta_2,caliente,3,0.00923920000786893
1,oltp,joins_agregacion,consulta_2,caliente,4,0.009614599999622442
1,oltp,joins_agregacion,consulta_2,caliente,5,0.018754600008833222
1,oltp,joins_agregacion,consulta_3,frio,0,0.02318250000826083
1,oltp,joins_agregacion,consulta_3,caliente,1,0.004681000005803071
1,oltp,joins_agregacion,consulta_3,caliente,2,0.004929500006255694
1,oltp,joins_agregacion,consulta_3,caliente,3,0.006519100003060885
1,oltp,joins_agregacion,consulta_3,caliente,4,0.004343499997048639
1,oltp,joins_agregacion,consulta_3,caliente,5,0.004753000001073815
5,estrella,agregacion_simple,consulta1,frio,0,0.01784879999468103
5,estrella,agregacion_simple,consulta1,caliente,1,0.0108326999907149
5,estrella,agregacion_simple,consulta1,caliente,2,0.01458269999420736
5,estrella,agregacion_simple,consulta1,caliente,3,0.013620899990200996
5,estrella,agregacion_simple,consulta1,caliente,4,0.009175099999993108
5,estrella,agregacion_simple,consulta1,caliente,5,0.007956000001286156
5,estrella,agregacion_simple,consulta2,frio,0,0.014157199999317527
5,estrella,agregacion_simple,consulta2,caliente,1,0.010944599998765625
5,estrella,agregacion_simple,consulta2,caliente,2,0.017808000004151836
5,estrella,agregacion_simple,consulta2,caliente,3,0.01334550000319723
5,estrella,agregacion_simple,consulta2,caliente,4,0.011639799995464273
5,estrella,agregacion_simple,consulta2,caliente,5,0.011548000009497628
5,estrella,agregacion_simple,consulta3,frio,0,0.007096699991961941
5,estrella,agregacion_simple,consulta3,caliente,1,0.005851999987498857
5,estrella,agregacion_simple,consulta3,caliente,2,0.00580709999485407
5,estrella,agregacion_simple,consulta3,caliente,3,0.006299400003626943
5,estrella,agregacion_simple,consulta3,caliente,4,0.005984899995382875
5,estrella,agregacion_simple,consulta3,caliente,5,0.00602420000359416
5,estrella,alta_selectividad,consulta1,frio,0,0.0018119000014849007
5,estrella,alta_selectividad,consulta1,caliente,1,0.0015844000008655712
5,estrella,alta_selectividad,consulta1,caliente,2,0.001759699996910058
5,estrella,alta_selectividad,consulta1,caliente,3,0.0020185000030323863
5,estrella,alta_selectividad,consulta1,caliente,4,0.0015910000074654818
5,estrella,alta_selectividad,consulta1,caliente,5,0.0015033999952720478
5,estrella,alta_selectividad,consulta2,frio,0,0.001178899998194538
5,estrella,alta_selectividad,consulta2,caliente,1,0.0010408999951323494
5,estrella,alta_selectividad,consulta2,caliente,2,0.0008148999913828447
5,estrella,alta_selectividad,consulta2,caliente,3,0.0008421000093221664
5,estrella,alta_selectividad,consulta2,caliente,4,0.0010218999959761277
5,estrella,alta_selectividad,consulta2,caliente,5,0.0008782999939285219
5,estrella,alta_selectividad,consulta3,frio,0,0.0031716000084998086
5,estrella,alta_selectividad,consulta3,caliente,1,0.0024575999996159226
5,estrella,alta_selectividad,consulta3,caliente,2,0.0031675999925937504
5,estrella,alta_selectividad,consulta3,caliente,3,0.0033687999966787174
5,estrella,alta_selectividad,consulta3,caliente,4,0.002893700002459809
5,estrella,alta_selectividad,consulta3,caliente,5,0.003569900000002235
5,estrella,alta_selectividad_join,consulta1,frio,0,0.0021065000037197024
5,estrella,alta_selectividad_join,consulta1,caliente,1,0.0023400999925797805
5,estrella,alta_selectividad_join,consulta1,caliente,2,0.00194089999422431
5,estrella,alta_selectividad_join,consulta1,caliente,3,0.002423300000373274
5,estrella,alta_selectividad_join,consulta1,caliente,4,0.0024074999964796007
5,estrella,alta_selectividad_join,consulta1,caliente,5,0.0021013999939896166
5,estrella,alta_selectividad_join,consulta2,frio,0,0.003935200002160855
5,estrella,alta_selectividad_join,consulta2,caliente,1,0.002828700002282858
5,estrella,alta_selectividad_join,consulta2,caliente,2,0.002800499991280958
5,estrella,alta_selectividad_join,consulta2,caliente,3,0.0026861000078497455
5,estrella,alta_selectividad_join,consulta2,caliente,4,0.0028806000045733526
5,estrella,alta_selectividad_join,consulta2,caliente,5,0.002824199997121468
5,estrella,alta_selectividad_join,consulta3,frio,0,0.0027864000003319234
5,estrella,alta_selectividad_join,consulta3,caliente,1,0.0028517000027932227
5,estrella,alta_selectividad_join,consulta3,caliente,2,0.002901999992900528
5,estrella,alta_selectividad_join,consulta3,caliente,3,0.002772699997876771
5,estrella,alta_selectividad_join,consulta3,caliente,4,0.003119400003924966
5,estrella,alta_selectividad_join,consulta3,caliente,5,0.003691699996124953
5,estrella,joins_agregacion,consulta1,frio,0,0.022123900009319186
5,estrella,joins_agregacion,consulta1,caliente,1,0.022518399986438453
5,estrella,joins_agregacion,consulta1,caliente,2,0.02177490000030957
5,estrella,joins_agregacion,consulta1,caliente,3,0.022823100007371977
5,estrella,joins_agregacion,consulta1,caliente,4,0.02221090000239201
5,estrella,joins_agregacion,consulta1,caliente,5,0.023756499998853542
5,estrella,joins_agregacion,consulta2,frio,0,0.04052080000110436
5,estrella,joins_agregacion,consulta2,caliente,1,0.04171210000640713
5,estrella,joins_agregacion,consulta2,caliente,2,0.04343190000508912
5,estrella,joins_agregacion,consulta2,caliente,3,0.03230370000528637
5,estrella,joins_agregacion,consulta2,caliente,4,0.02826249999634456
5,estrella,joins_agregacion,consulta2,caliente,5,0.027045900002121925
5,estrella,joins_agregacion,consulta3,frio,0,0.01856979999865871
5,estrella,joins_agregacion,consulta3,caliente,1,0.01331670000217855
5,estrella,joins_agregacion,consulta3,caliente,2,0.015117800008738413
5,estrella,joins_agregacion,consulta3,caliente,3,0.015413000000989996
5,estrella,joins_agregacion,consulta3,caliente,4,0.015235099999699742
5,estrella,joins_agregacion,consulta3,caliente,5,0.0166289000044344
5,oltp,agregacion_simple,consulta_1,frio,0,0.08559450000757352
5,oltp,agregacion_simple,consulta_1,caliente,1,0.004703200000221841
5,oltp,agregacion_simple,consulta_1,caliente,2,0.005018600000767037
5,oltp,agregacion_simple,consulta_1,caliente,3,0.005791899995529093
5,oltp,agregacion_simple,consulta_1,caliente,4,0.005557399999815971
5,oltp,agregacion_simple,consulta_1,caliente,5,0.005196799989789724
5,oltp,agregacion_simple,consulta_2,frio,0,0.0690003999916371
5,oltp,agregacion_simple,consulta_2,caliente,1,0.031813700014026836
5,oltp,agregacion_simple,consulta_2,caliente,2,0.03012930000841152
5,oltp,agregacion_simple,consulta_2,caliente,3,0.02445010001247283
5,oltp,agregacion_simple,consulta_2,caliente,4,0.020842700003413484
5,oltp,agregacion_simple,consulta_2,caliente,5,0.015200299996649846
5,oltp,agregacion_simple,consulta_3,frio,0,0.03794439999910537
5,oltp,agregacion_simple,consulta_3,caliente,1,0.013455400010570884
5,oltp,agregacion_simple,consulta_3,caliente,2,0.014150699993479066
5,oltp,agregacion_simple,consulta_3,caliente,3,0.01839490000566002
5,oltp,agregacion_simple,consulta_3,caliente,4,0.013834799989126623
5,oltp,agregacion_simple,consulta_3,caliente,5,0.01305059999867808
5,oltp,alta_selectividad,consulta_1,frio,0,0.008834299995214678
5,oltp,alta_selectividad,consulta_1,caliente,1,0.0004236999957356602
5,oltp,alta_selectividad,consulta_1,caliente,2,0.0002845999988494441
5,oltp,alta_selectividad,consulta_1,caliente,3,0.00019859999883919954
5,oltp,alta_selectividad,consulta_1,caliente,4,0.00017079999088309705
5,oltp,alta_selectividad,consulta_1,caliente,5,0.00016089998825918883
5,oltp,alta_selectividad,consulta_2,frio,0,0.00846669999009464
5,oltp,alta_selectividad,consulta_2,caliente,1,0.00037510000402107835
5,oltp,alta_selectividad,consulta_2,caliente,2,0.0002294000005349517
5,oltp,alta_selectividad,consulta_2,caliente,3,0.00019540000357665122
5,oltp,alta_selectividad,consulta_2,caliente,4,0.00017660000594332814
5,oltp,alta_selectividad,consulta_2,caliente,5,0.00023829999554436654
5,oltp,alta_selectividad,consulta_3,frio,0,0.0093098000070313
5,oltp,alta_selectividad,consulta_3,caliente,1,0.000505499992868863
5,oltp,alta_selectividad,consulta_3,caliente,2,0.0003066000062972307
5,oltp,alta_selectividad,consulta_3,caliente,3,0.00022440000611823052
5,oltp,alta_selectividad,consulta_3,caliente,4,0.00036449999606702477
5,oltp,alta_selectividad,consulta_3,caliente,5,0.0004681999998865649
5,oltp,alta_selectividad_join,consulta_1,frio,0,0.02623269999457989
5,oltp,alta_selectividad_join,consulta_1,caliente,1,0.00042070000199601054
5,oltp,alta_selectividad_join,consulta_1,caliente,2,0.00027439999394118786
5,oltp,alta_selectividad_join,consulta_1,caliente,3,0.00024029999622143805
5,oltp,alta_selectividad_join,consulta_1,caliente,4,0.00029170000925660133
5,oltp,alta_selectividad_join,consulta_1,caliente,5,0.00024649999977555126
5,oltp,alta_selectividad_join,consulta_2,frio,0,0.02064539999992121
5,oltp,alta_selectividad_join,consulta_2,caliente,1,0.0007069999992381781
5,oltp,alta_selectividad_join,consulta_2,caliente,2,0.000512500002514571
5,oltp,alta_selectividad_join,consulta_2,caliente,3,0.00041599999531172216
5,oltp,alta_selectividad_join,consulta_2,caliente,4,0.00045419999514706433
5,oltp,alta_selectividad_join,consulta_2,caliente,5,0.0004186000005574897
5,oltp,alta_selectividad_join,consulta_3,frio,0,0.01443749999452848
5,oltp,alta_selectividad_join,consulta_3,caliente,1,0.0007100999937392771
5,oltp,alta_selectividad_join,consulta_3,caliente,2,0.0008691999973962083
5,oltp,alta_selectividad_join,consulta_3,caliente,3,0.0008377999911317602
5,oltp,alta_selectividad_join,consulta_3,caliente,4,0.0007901999924797565
5,oltp,alta_selectividad_join,consulta_3,caliente,5,0.0007326000049943104
5,oltp,joins_agregacion,consulta_1,frio,0,0.12284779999754392
5,oltp,joins_agregacion,consulta_1,caliente,1,0.06619539999519475
5,oltp,joins_agregacion,consulta_1,caliente,2,0.0765804999973625
5,oltp,joins_agregacion,consulta_1,caliente,3,0.09710040000209119
5,oltp,joins_agregacion,consulta_1,caliente,4,0.07487389999732841
5,oltp,joins_agregacion,consulta_1,caliente,5,0.06711509999877308
5,oltp,joins_agregacion,consulta_2,frio,0,0.131083000000217
5,oltp,joins_agregacion,consulta_2,caliente,1,0.06297639998956583
5,oltp,joins_agregacion,consulta_2,caliente,2,0.050082799993106164
5,oltp,joins_agregacion,consulta_2,caliente,3,0.04830690000380855
5,oltp,joins_agregacion,consulta_2,caliente,4,0.06486220000078902
5,oltp,joins_agregacion,consulta_2,caliente,5,0.06749800000397954
5,oltp,joins_agregacion,consulta_3,frio,0,0.0538135999959195
5,oltp,joins_agregacion,consulta_3,caliente,1,0.02587840000342112
5,oltp,joins_agregacion,consulta_3,caliente,2,0.022974799998337403
5,oltp,joins_agregacion,consulta_3,caliente,3,0.02354639999975916
5,oltp,joins_agregacion,consulta_3,caliente,4,0.020434499994735233
5,oltp,joins_agregacion,consulta_3,caliente,5,0.02130260001285933
10,estrella,agregacion_simple,consulta1,frio,0,0.007452299993019551
10,estrella,agregacion_simple,consulta1,caliente,1,0.005528199995751493
10,estrella,agregacion_simple,consulta1,caliente,2,0.0054788999987067655
10,estrella,agregacion_simple,consulta1,caliente,3,0.004575500002829358
10,estrella,agregacion_simple,consulta1,caliente,4,0.0047150000027613714
10,estrella,agregacion_simple,consulta1,caliente,5,0.004830000005313195
10,estrella,agregacion_simple,consulta2,frio,0,0.007911199994850904
10,estrella,agregacion_simple,consulta2,caliente,1,0.007329799991566688
10,estrella,agregacion_simple,consulta2,caliente,2,0.007275099997059442
10,estrella,agregacion_simple,consulta2,caliente,3,0.006645899993600324
10,estrella,agregacion_simple,consulta2,caliente,4,0.007206199996289797
10,estrella,agregacion_simple,consulta2,caliente,5,0.0075926999998046085
10,estrella,agregacion_simple,consulta3,frio,0,0.004455400005099364
10,estrella,agregacion_simple,consulta3,caliente,1,0.0034352999937254936
10,estrella,agregacion_simple,consulta3,caliente,2,0.0030802999972365797
10,estrella,agregacion_simple,consulta3,caliente,3,0.0032001999934436753
10,estrella,agregacion_simple,consulta3,caliente,4,0.003875000009429641
10,estrella,agregacion_simple,consulta3,caliente,5,0.003807600005529821
10,estrella,alta_selectividad,consulta1,frio,0,0.0009052999957930297
10,estrella,alta_selectividad,consulta1,caliente,1,0.0006931000098120421
10,estrella,alta_selectividad,consulta1,caliente,2,0.000786300006438978
10,estrella,alta_selectividad,consulta1,caliente,3,0.0008425999985774979
10,estrella,alta_selectividad,consulta1,caliente,4,0.0006862000009277835
10,estrella,alta_selectividad,consulta1,caliente,5,0.0005344000092009082
10,estrella,alta_selectividad,consulta2,frio,0,0.0005881999968551099
10,estrella,alta_selectividad,consulta2,caliente,1,0.00040920000174082816
10,estrella,alta_selectividad,consulta2,caliente,2,0.00038050000148359686
10,estrella,alta_selectividad,consulta2,caliente,3,0.0003446000046096742
10,estrella,alta_selectividad,consulta2,caliente,4,0.0003176000027451664
10,estrella,alta_selectividad,consulta2,caliente,5,0.0003429000062169507
10,estrella,alta_selectividad,consulta3,frio,0,0.0017164000018965453
10,estrella,alta_selectividad,consulta3,caliente,1,0.0017981999990297481
10,estrella,alta_selectividad,consulta3,caliente,2,0.0014297000016085804
10,estrella,alta_selectividad,consulta3,caliente,3,0.0016448999958811328
10,estrella,alta_selectividad,consulta3,caliente,4,0.0016922000068007037
10,estrella,alta_selectividad,consulta3,caliente,5,0.0016976000042632222
10,estrella,alta_selectividad_join,consulta1,frio,0,0.00173200000426732
10,estrella,alta_selectividad_join,consulta1,caliente,1,0.001880900003015995
10,estrella,alta_selectividad_join,consulta1,caliente,2,0.0016816999996080995
10,estrella,alta_selectividad_join,consulta1,caliente,3,0.001827699990826659
10,estrella,alta_selectividad_join,consulta1,caliente,4,0.0013941000070190057
10,estrella,alta_selectividad_join,consulta1,caliente,5,0.000990000000456348
10,estrella,alta_selectividad_join,consulta2,frio,0,0.0017988000035984442
10,estrella,alta_selectividad_join,consulta2,caliente,1,0.001590800005942583
10,estrella,alta_selectividad_join,consulta2,caliente,2,0.0019452999986242503
10,estrella,alta_selectividad_join,consulta2,caliente,3,0.0018690000142669305
10,estrella,alta_selectividad_join,consulta2,caliente,4,0.0016663999995216727
10,estrella,alta_selectividad_join,consulta2,caliente,5,0.0016052999999374151
10,estrella,alta_selectividad_join,consulta3,frio,0,0.0012021000002278015
10,estrella,alta_selectividad_join,consulta3,caliente,1,0.0010074000019812956
10,estrella,alta_selectividad_join,consulta3,caliente,2,0.0007953000022098422
10,estrella,alta_selectividad_join,consulta3,caliente,3,0.0010984000109601766
10,estrella,alta_selectividad_join,consulta3,caliente,4,0.0011796000035246834
10,estrella,alta_selectividad_join,consulta3,caliente,5,0.000992400004179217
10,estrella,joins_agregacion,consulta1,frio,0,0.01617170000099577
10,estrella,joins_agregacion,consulta1,caliente,1,0.013989600003696978
10,estrella,joins_agregacion,consulta1,caliente,2,0.012549400009447709
10,estrella,joins_agregacion,consulta1,caliente,3,0.011805200003436767
10,estrella,joins_agregacion,consulta1,caliente,4,0.010265299992170185
10,estrella,joins_agregacion,consulta1,caliente,5,0.01173650000419002
10,estrella,joins_agregacion,consulta2,frio,0,0.01592410000739619
10,estrella,joins_agregacion,consulta2,caliente,1,0.01634820000617765
10,estrella,joins_agregacion,consulta2,caliente,2,0.018917599998530932
10,estrella,joins_agregacion,consulta2,caliente,3,0.01720660000864882
10,estrella,joins_agregacion,consulta2,caliente,4,0.015032099996460602
10,estrella,joins_agregacion,consulta2,caliente,5,0.014608999990741722
10,estrella,joins_agregacion,consulta3,frio,0,0.008315999992191792
10,estrella,joins_agregacion,consulta3,caliente,1,0.0062581000092905015
10,estrella,joins_agregacion,consulta3,caliente,2,0.005599200012511574
10,estrella,joins_agregacion,consulta3,caliente,3,0.005688700010068715
10,estrella,joins_agregacion,consulta3,caliente,4,0.005830099995364435
10,estrella,joins_agregacion,consulta3,caliente,5,0.0054644000047119334
10,oltp,agregacion_simple,consulta_1,frio,0,0.05981549998978153
10,oltp,agregacion_simple,consulta_1,caliente,1,0.008790000007138588
10,oltp,agregacion_simple,consulta_1,caliente,2,0.008172400004696101
10,oltp,agregacion_simple,consulta_1,caliente,3,0.010547199999564327
10,oltp,agregacion_simple,consulta_1,caliente,4,0.010992700001224875
10,oltp,agregacion_simple,consulta_1,caliente,5,0.009523500004434027
10,oltp,agregacion_simple,consulta_2,frio,0,0.08941780000168364
10,oltp,agregacion_simple,consulta_2,caliente,1,0.04407580000406597
10,oltp,agregacion_simple,consulta_2,caliente,2,0.027240399998845533
10,oltp,agregacion_simple,consulta_2,caliente,3,0.04493669999646954
10,oltp,agregacion_simple,consulta_2,caliente,4,0.04324110000743531
10,oltp,agregacion_simple,consulta_2,caliente,5,0.056735999998636544
10,oltp,agregacion_simple,consulta_3,frio,0,0.10206609999295324
10,oltp,agregacion_simple,consulta_3,caliente,1,0.031945499998982996
10,oltp,agregacion_simple,consulta_3,caliente,2,0.042784300007042475
10,oltp,agregacion_simple,consulta_3,caliente,3,0.030580300008296035
10,oltp,agregacion_simple,consulta_3,caliente,4,0.05537940000067465
10,oltp,agregacion_simple,consulta_3,caliente,5,0.05396060000930447
10,oltp,alta_selectividad,consulta_1,frio,0,0.022090500002377667
10,oltp,alta_selectividad,consulta_1,caliente,1,0.0006754999922122806
10,oltp,alta_selectividad,consulta_1,caliente,2,0.00045530000352300704
10,oltp,alta_selectividad,consulta_1,caliente,3,0.0003677000058814883
10,oltp,alta_selectividad,consulta_1,caliente,4,0.0003462000022409484
10,oltp,alta_selectividad,consulta_1,caliente,5,0.00031009998929221183
10,oltp,alta_selectividad,consulta_2,frio,0,0.025739500008057803
10,oltp,alta_selectividad,consulta_2,caliente,1,0.0005738000036217272
10,oltp,alta_selectividad,consulta_2,caliente,2,0.00032279999868478626
10,oltp,alta_selectividad,consulta_2,caliente,3,0.0002010000025620684
10,oltp,alta_selectividad,consulta_2,caliente,4,0.00016379999578930438
10,oltp,alta_selectividad,consulta_2,caliente,5,0.00016199999663513154
10,oltp,alta_selectividad,consulta_3,frio,0,0.02814520000538323
10,oltp,alta_selectividad,consulta_3,caliente,1,0.0005703000060748309
10,oltp,alta_selectividad,consulta_3,caliente,2,0.0003589999978430569
10,oltp,alta_selectividad,consulta_3,caliente,3,0.0003056999994441867
10,oltp,alta_selectividad,consulta_3,caliente,4,0.0002897000085795298
10,oltp,alta_selectividad,consulta_3,caliente,5,0.00019740000425372273
10,oltp,alta_selectividad_join,consulta_1,frio,0,0.02224249999562744
10,oltp,alta_selectividad_join,consulta_1,caliente,1,0.0007703000010224059
10,oltp,alta_selectividad_join,consulta_1,caliente,2,0.0005046000005677342
10,oltp,alta_selectividad_join,consulta_1,caliente,3,0.00045020000834483653
10,oltp,alta_selectividad_join,consulta_1,caliente,4,0.00040589999116491526
10,oltp,alta_selectividad_join,consulta_1,caliente,5,0.00037959999463055283
10,oltp,alta_selectividad_join,consulta_2,frio,0,0.03473640000447631
10,oltp,alta_selectividad_join,consulta_2,caliente,1,0.0005350999999791384
10,oltp,alta_selectividad_join,consulta_2,caliente,2,0.00030130000959616154
10,oltp,alta_selectividad_join,consulta_2,caliente,3,0.00022000000171829015
10,oltp,alta_selectividad_join,consulta_2,caliente,4,0.0002018000086536631
10,oltp,alta_selectividad_join,consulta_2,caliente,5,0.00018600000475998968
10,oltp,alta_selectividad_join,consulta_3,frio,0,0.03218659998674411
10,oltp,alta_selectividad_join,consulta_3,caliente,1,0.0016789000073913485
10,oltp,alta_selectividad_join,consulta_3,caliente,2,0.0006888999923830852
10,oltp,alta_selectividad_join,consulta_3,caliente,3,0.001119799999287352
10,oltp,alta_selectividad_join,consulta_3,caliente,4,0.001460999992559664
10,oltp,alta_selectividad_join,consulta_3,caliente,5,0.0008187000057660043
10,oltp,joins_agregacion,consulta_1,frio,0,0.19470150000415742
10,oltp,joins_agregacion,consulta_1,caliente,1,0.17496299999766052
10,oltp,joins_agregacion,consulta_1,caliente,2,0.16398720000870526
10,oltp,joins_agregacion,consulta_1,caliente,3,0.21088699999381788
10,oltp,joins_agregacion,consulta_1,caliente,4,0.22348200000124052
10,oltp,joins_agregacion,consulta_1,caliente,5,0.19304640000336803
10,oltp,joins_agregacion,consulta_2,frio,0,0.10792090000177268
10,oltp,joins_agregacion,consulta_2,caliente,1,0.06274080000002868
10,oltp,joins_agregacion,consulta_2,caliente,2,0.06125880000763573
10,oltp,joins_agregacion,consulta_2,caliente,3,0.10144900000886992
10,oltp,joins_agregacion,consulta_2,caliente,4,0.10967160000291187
10,oltp,joins_agregacion,consulta_2,caliente,5,0.07636050001019612
10,oltp,joins_agregacion,consulta_3,frio,0,0.08965989999705926
10,oltp,joins_agregacion,consulta_3,caliente,1,0.035976200000732206
10,oltp,joins_agregacion,consulta_3,caliente,2,0.03744699999515433
10,oltp,joins_agregacion,consulta_3,caliente,3,0.058654499996919185
10,oltp,joins_agregacion,consulta_3,caliente,4,0.037362300005042925
10,oltp,joins_agregacion,consulta_3,caliente,5,0.03588559999479912
50,estrella,agregacion_simple,consulta1,frio,0,0.010248399994452484
50,estrella,agregacion_simple,consulta1,caliente,1,0.008116600001812913
50,estrella,agregacion_simple,consulta1,caliente,2,0.009208700008457527
50,estrella,agregacion_simple,consulta1,caliente,3,0.007935899993753992
50,estrella,agregacion_simple,consulta1,caliente,4,0.007961499999510124
50,estrella,agregacion_simple,consulta1,caliente,5,0.009519500003079884
50,estrella,agregacion_simple,consulta2,frio,0,0.029057299994747154
50,estrella,agregacion_simple,consulta2,caliente,1,0.0275264999945648
50,estrella,agregacion_simple,consulta2,caliente,2,0.028897700001834892
50,estrella,agregacion_simple,consulta2,caliente,3,0.02465479999955278
50,estrella,agregacion_simple,consulta2,caliente,4,0.02422949999163393
50,estrella,agregacion_simple,consulta2,caliente,5,0.02470589999575168
50,estrella,agregacion_simple,consulta3,frio,0,0.011541600004420616
50,estrella,agregacion_simple,consulta3,caliente,1,0.011403600001358427
50,estrella,agregacion_simple,consulta3,caliente,2,0.011336700001265854
50,estrella,agregacion_simple,consulta3,caliente,3,0.013062199999694712
50,estrella,agregacion_simple,consulta3,caliente,4,0.011808299997937866
50,estrella,agregacion_simple,consulta3,caliente,5,0.01238780000130646
50,estrella,alta_selectividad,consulta1,frio,0,0.0007379000016953796
50,estrella,alta_selectividad,consulta1,caliente,1,0.0005614999972749501
50,estrella,alta_selectividad,consulta1,caliente,2,0.000450699997600168
50,estrella,alta_selectividad,consulta1,caliente,3,0.0005315000016707927
50,estrella,alta_selectividad,consulta1,caliente,4,0.00044160000106785446
50,estrella,alta_selectividad,consulta1,caliente,5,0.00046969999675638974
50,estrella,alta_selectividad,consulta2,frio,0,0.0005387999990489334
50,estrella,alta_selectividad,consulta2,caliente,1,0.0004636999947251752
50,estrella,alta_selectividad,consulta2,caliente,2,0.0003555000002961606
50,estrella,alta_selectividad,consulta2,caliente,3,0.0003212000010535121
50,estrella,alta_selectividad,consulta2,caliente,4,0.000309199996991083
50,estrella,alta_selectividad,consulta2,caliente,5,0.00028959999326616526
50,estrella,alta_selectividad,consulta3,frio,0,0.0015159000031417236
50,estrella,alta_selectividad,consulta3,caliente,1,0.0015379000105895102
50,estrella,alta_selectividad,consulta3,caliente,2,0.0017772999999579042
50,estrella,alta_selectividad,consulta3,caliente,3,0.0014273000124376267
50,estrella,alta_selectividad,consulta3,caliente,4,0.0014273000124376267
50,estrella,alta_selectividad,consulta3,caliente,5,0.0016632999904686585
50,estrella,alta_selectividad_join,consulta1,frio,0,0.0011918999953195453
50,estrella,alta_selectividad_join,consulta1,caliente,1,0.0008477000083075836
50,estrella,alta_selectividad_join,consulta1,caliente,2,0.0008906999864848331
50,estrella,alta_selectividad_join,consulta1,caliente,3,0.0010054000013042241
50,estrella,alta_selectividad_join,consulta1,caliente,4,0.0012895999971078709
50,estrella,alta_selectividad_join,consulta1,caliente,5,0.0013011000119149685
50,estrella,alta_selectividad_join,consulta2,frio,0,0.001907999991090037
50,estrella,alta_selectividad_join,consulta2,caliente,1,0.001712999990559183
50,estrella,alta_selectividad_join,consulta2,caliente,2,0.0015577999874949455
50,estrella,alta_selectividad_join,consulta2,caliente,3,0.0016280999989248812
50,estrella,alta_selectividad_join,consulta2,caliente,4,0.0015599999896949157
50,estrella,alta_selectividad_join,consulta2,caliente,5,0.0019112000009045005
50,estrella,alta_selectividad_join,consulta3,frio,0,0.0013347000058274716
50,estrella,alta_selectividad_join,consulta3,caliente,1,0.0012066999915987253
50,estrella,alta_selectividad_join,consulta3,caliente,2,0.0011360000062268227
50,estrella,alta_selectividad_join,consulta3,caliente,3,0.0010883999930229038
50,estrella,alta_selectividad_join,consulta3,caliente,4,0.000995899987174198
50,estrella,alta_selectividad_join,consulta3,caliente,5,0.001411100005498156
50,estrella,joins_agregacion,consulta1,frio,0,0.03621299999940675
50,estrella,joins_agregacion,consulta1,caliente,1,0.030963800003519282
50,estrella,joins_agregacion,consulta1,caliente,2,0.03118279999762308
50,estrella,joins_agregacion,consulta1,caliente,3,0.031231000000843778
50,estrella,joins_agregacion,consulta1,caliente,4,0.03628570000000764
50,estrella,joins_agregacion,consulta1,caliente,5,0.03539289999753237
50,estrella,joins_agregacion,consulta2,frio,0,0.031461200007470325
50,estrella,joins_agregacion,consulta2,caliente,1,0.029303100003744476
50,estrella,joins_agregacion,consulta2,caliente,2,0.03080569999292493
50,estrella,joins_agregacion,consulta2,caliente,3,0.029486800005543046
50,estrella,joins_agregacion,consulta2,caliente,4,0.030482900008792058
50,estrella,joins_agregacion,consulta2,caliente,5,0.026871699999901466
50,estrella,joins_agregacion,consulta3,frio,0,0.011024999999790452
50,estrella,joins_agregacion,consulta3,caliente,1,0.009883599996101111
50,estrella,joins_agregacion,consulta3,caliente,2,0.010042499998235144
50,estrella,joins_agregacion,consulta3,caliente,3,0.009579300007317215
50,estrella,joins_agregacion,consulta3,caliente,4,0.009232199998223223
50,estrella,joins_agregacion,consulta3,caliente,5,0.009605600003851578
50,oltp,agregacion_simple,consulta_1,frio,0,0.15556959999958053
50,oltp,agregacion_simple,consulta_1,caliente,1,0.03972800000337884
50,oltp,agregacion_simple,consulta_1,caliente,2,0.03294150000147056
50,oltp,agregacion_simple,consulta_1,caliente,3,0.019778199988650158
50,oltp,agregacion_simple,consulta_1,caliente,4,0.020620999988750555
50,oltp,agregacion_simple,consulta_1,caliente,5,0.029436099997838028
50,oltp,agregacion_simple,consulta_2,frio,0,0.2468215999979293
50,oltp,agregacion_simple,consulta_2,caliente,1,0.14519280000240542
50,oltp,agregacion_simple,consulta_2,caliente,2,0.1329068999912124
50,oltp,agregacion_simple,consulta_2,caliente,3,0.13882620001095347
50,oltp,agregacion_simple,consulta_2,caliente,4,0.1493516000045929
50,oltp,agregacion_simple,consulta_2,caliente,5,0.15400759999465663
50,oltp,agregacion_simple,consulta_3,frio,0,0.16545690000930335
50,oltp,agregacion_simple,consulta_3,caliente,1,0.10490229999413714
50,oltp,agregacion_simple,consulta_3,caliente,2,0.11332449999463279
50,oltp,agregacion_simple,consulta_3,caliente,3,0.10507089999737218
50,oltp,agregacion_simple,consulta_3,caliente,4,0.10852199999499135
50,oltp,agregacion_simple,consulta_3,caliente,5,0.10412839999480639
50,oltp,alta_selectividad,consulta_1,frio,0,0.020455699996091425
50,oltp,alta_selectividad,consulta_1,caliente,1,0.00021249998826533556
50,oltp,alta_selectividad,consulta_1,caliente,2,9.929999941959977e-05
50,oltp,alta_selectividad,consulta_1,caliente,3,7.480000203941017e-05
50,oltp,alta_selectividad,consulta_1,caliente,4,6.770000618416816e-05
50,oltp,alta_selectividad,consulta_1,caliente,5,6.649999704677612e-05
50,oltp,alta_selectividad,consulta_2,frio,0,0.007959199996548705
50,oltp,alta_selectividad,consulta_2,caliente,1,0.00015449999773409218
50,oltp,alta_selectividad,consulta_2,caliente,2,8.009999874047935e-05
50,oltp,alta_selectividad,consulta_2,caliente,3,6.409999332390726e-05
50,oltp,alta_selectividad,consulta_2,caliente,4,6.029999349266291e-05
50,oltp,alta_selectividad,consulta_2,caliente,5,5.830000736750662e-05
50,oltp,alta_selectividad,consulta_3,frio,0,0.008316699997521937
50,oltp,alta_selectividad,consulta_3,caliente,1,0.00016419999883510172
50,oltp,alta_selectividad,consulta_3,caliente,2,9.23000043258071e-05
50,oltp,alta_selectividad,consulta_3,caliente,3,7.210001058410853e-05
50,oltp,alta_selectividad,consulta_3,caliente,4,6.479999865405262e-05
50,oltp,alta_selectividad,consulta_3,caliente,5,6.340000254567713e-05
50,oltp,alta_selectividad_join,consulta_1,frio,0,0.01605120000021998
50,oltp,alta_selectividad_join,consulta_1,caliente,1,0.0004930000141030177
50,oltp,alta_selectividad_join,consulta_1,caliente,2,0.0003119000029982999
50,oltp,alta_selectividad_join,consulta_1,caliente,3,0.0002821000089170411
50,oltp,alta_selectividad_join,consulta_1,caliente,4,0.00025660000392235816
50,oltp,alta_selectividad_join,consulta_1,caliente,5,0.00037129998963791877
50,oltp,alta_selectividad_join,consulta_2,frio,0,0.015684400001191534
50,oltp,alta_selectividad_join,consulta_2,caliente,1,0.0003733000048669055
50,oltp,alta_selectividad_join,consulta_2,caliente,2,0.00022619999072048813
50,oltp,alta_selectividad_join,consulta_2,caliente,3,0.0001883000077214092
50,oltp,alta_selectividad_join,consulta_2,caliente,4,0.0001660999987507239
50,oltp,alta_selectividad_join,consulta_2,caliente,5,0.00016739999409765005
50,oltp,alta_selectividad_join,consulta_3,frio,0,0.02337019999686163
50,oltp,alta_selectividad_join,consulta_3,caliente,1,0.0055807000026106834
50,oltp,alta_selectividad_join,consulta_3,caliente,2,0.004576199993607588
50,oltp,alta_selectividad_join,consulta_3,caliente,3,0.004402899998240173
50,oltp,alta_selectividad_join,consulta_3,caliente,4,0.004738899995572865
50,oltp,alta_selectividad_join,consulta_3,caliente,5,0.004571099998429418
50,oltp,joins_agregacion,consulta_1,frio,0,0.6285620999988168
50,oltp,joins_agregacion,consulta_1,caliente,1,0.538046999994549
50,oltp,joins_agregacion,consulta_1,caliente,2,0.5309006000024965
50,oltp,joins_agregacion,consulta_1,caliente,3,0.5786882999964291
50,oltp,joins_agregacion,consulta_1,caliente,4,0.559855500003323
50,oltp,joins_agregacion,consulta_1,caliente,5,0.8988678000023356
50,oltp,joins_agregacion,consulta_2,frio,0,0.4154298000066774
50,oltp,joins_agregacion,consulta_2,caliente,1,0.39173039999150205
50,oltp,joins_agregacion,consulta_2,caliente,2,0.3853530999913346
50,oltp,joins_agregacion,consulta_2,caliente,3,0.3781072999991011
50,oltp,joins_agregacion,consulta_2,caliente,4,0.3880455000034999
50,oltp,joins_agregacion,consulta_2,caliente,5,0.3887276000023121
50,oltp,joins_agregacion,consulta_3,frio,0,0.20765649998793378
50,oltp,joins_agregacion,consulta_3,caliente,1,0.133545899996534
50,oltp,joins_agregacion,consulta_3,caliente,2,0.1387358000065433
50,oltp,joins_agregacion,consulta_3,caliente,3,0.15765739999187645
50,oltp,joins_agregacion,consulta_3,caliente,4,0.130568199994741
50,oltp,joins_agregacion,consulta_3,caliente,5,0.14341489999787882
1000,estrella,agregacion_simple,consulta1,frio,0,0.1548400000028778
1000,estrella,agregacion_simple,consulta1,caliente,1,0.15200349999940954
1000,estrella,agregacion_simple,consulta1,caliente,2,0.185900299999048
1000,estrella,agregacion_simple,consulta1,caliente,3,0.15631690000009257
1000,estrella,agregacion_simple,consulta1,caliente,4,0.16457739999168552
1000,estrella,agregacion_simple,consulta1,caliente,5,0.1421859999973094
1000,estrella,agregacion_simple,consulta2,frio,0,0.6976232000015443
1000,estrella,agregacion_simple,consulta2,caliente,1,0.6929290999978548
1000,estrella,agregacion_simple,consulta2,caliente,2,0.624915599997621
1000,estrella,agregacion_simple,consulta2,caliente,3,0.619400300012785
1000,estrella,agregacion_simple,consulta2,caliente,4,0.6929190000082599
1000,estrella,agregacion_simple,consulta2,caliente,5,0.6376743000000715
1000,estrella,agregacion_simple,consulta3,frio,0,0.17425339999317657
1000,estrella,agregacion_simple,consulta3,caliente,1,0.16132959999958985
1000,estrella,agregacion_simple,consulta3,caliente,2,0.15760010000667535
1000,estrella,agregacion_simple,consulta3,caliente,3,0.1469652999949176
1000,estrella,agregacion_simple,consulta3,caliente,4,0.1512774000002537
1000,estrella,agregacion_simple,consulta3,caliente,5,0.13580409999121912
1000,estrella,alta_selectividad,consulta1,frio,0,0.005291399997076951
1000,estrella,alta_selectividad,consulta1,caliente,1,0.003305299993371591
1000,estrella,alta_selectividad,consulta1,caliente,2,0.0028184999973746017
1000,estrella,alta_selectividad,consulta1,caliente,3,0.0025697999953990802
1000,estrella,alta_selectividad,consulta1,caliente,4,0.003643000003648922
1000,estrella,alta_selectividad,consulta1,caliente,5,0.002953900009742938
1000,estrella,alta_selectividad,consulta2,frio,0,0.001010299994959496
1000,estrella,alta_selectividad,consulta2,caliente,1,0.0007244000007631257
1000,estrella,alta_selectividad,consulta2,caliente,2,0.0006905000045662746
1000,estrella,alta_selectividad,consulta2,caliente,3,0.0007936000038171187
1000,estrella,alta_selectividad,consulta2,caliente,4,0.0011535000085132197
1000,estrella,alta_selectividad,consulta2,caliente,5,0.0010646000009728596
1000,estrella,alta_selectividad,consulta3,frio,0,0.0033847999875433743
1000,estrella,alta_selectividad,consulta3,caliente,1,0.002824199997121468
1000,estrella,alta_selectividad,consulta3,caliente,2,0.0030346999992616475
1000,estrella,alta_selectividad,consulta3,caliente,3,0.0033589000086067244
1000,estrella,alta_selectividad,consulta3,caliente,4,0.00333659999887459
1000,estrella,alta_selectividad,consulta3,caliente,5,0.003191499999957159
1000,estrella,alta_selectividad_join,consulta1,frio,0,0.005157999999937601
1000,estrella,alta_selectividad_join,consulta1,caliente,1,0.0041806999943219125
1000,estrella,alta_selectividad_join,consulta1,caliente,2,0.004622599997674115
1000,estrella,alta_selectividad_join,consulta1,caliente,3,0.0045076999958837405
1000,estrella,alta_selectividad_join,consulta1,caliente,4,0.003683300004922785
1000,estrella,alta_selectividad_join,consulta1,caliente,5,0.003293899993877858
1000,estrella,alta_selectividad_join,consulta2,frio,0,0.015032800001790747
1000,estrella,alta_selectividad_join,consulta2,caliente,1,0.0146495000080904
1000,estrella,alta_selectividad_join,consulta2,caliente,2,0.013678100003744476
1000,estrella,alta_selectividad_join,consulta2,caliente,3,0.012064599999575876
1000,estrella,alta_selectividad_join,consulta2,caliente,4,0.011491400000522844
1000,estrella,alta_selectividad_join,consulta2,caliente,5,0.013677900002221577
1000,estrella,alta_selectividad_join,consulta3,frio,0,0.004603499997756444
1000,estrella,alta_selectividad_join,consulta3,caliente,1,0.004138300006161444
1000,estrella,alta_selectividad_join,consulta3,caliente,2,0.0048116000107256696
1000,estrella,alta_selectividad_join,consulta3,caliente,3,0.004206799989333376
1000,estrella,alta_selectividad_join,consulta3,caliente,4,0.0045452000049408525
1000,estrella,alta_selectividad_join,consulta3,caliente,5,0.004830299993045628
1000,estrella,joins_agregacion,consulta1,frio,0,0.9720505000004778
1000,estrella,joins_agregacion,consulta1,caliente,1,1.095678700003191
1000,estrella,joins_agregacion,consulta1,caliente,2,1.0335914000024786
1000,estrella,joins_agregacion,consulta1,caliente,3,0.9782914999959758
1000,estrella,joins_agregacion,consulta1,caliente,4,0.9610176999995019
1000,estrella,joins_agregacion,consulta1,caliente,5,1.0154565999982879
1000,estrella,joins_agregacion,consulta2,frio,0,0.04688290000194684
1000,estrella,joins_agregacion,consulta2,caliente,1,0.040249099998618476
1000,estrella,joins_agregacion,consulta2,caliente,2,0.039990499994019046
1000,estrella,joins_agregacion,consulta2,caliente,3,0.04100539999490138
1000,estrella,joins_agregacion,consulta2,caliente,4,0.04620119999162853
1000,estrella,joins_agregacion,consulta2,caliente,5,0.04495969999697991
1000,estrella,joins_agregacion,consulta3,frio,0,0.16511549999995623
1000,estrella,joins_agregacion,consulta3,caliente,1,0.1769722000026377
1000,estrella,joins_agregacion,consulta3,caliente,2,0.17136230001051445
1000,estrella,joins_agregacion,consulta3,caliente,3,0.17744120000861585
1000,estrella,joins_agregacion,consulta3,caliente,4,0.17665510000369977
1000,estrella,joins_agregacion,consulta3,caliente,5,0.17812089998915326
1000,oltp,agregacion_simple,consulta_1,frio,0,0.8764665000053355
1000,oltp,agregacion_simple,consulta_1,caliente,1,0.6587654000031762
1000,oltp,agregacion_simple,consulta_1,caliente,2,0.6579637999966508
1000,oltp,agregacion_simple,consulta_1,caliente,3,0.6740615000016987
1000,oltp,agregacion_simple,consulta_1,caliente,4,1.0754872999968939
1000,oltp,agregacion_simple,consulta_1,caliente,5,1.070609999995213
1000,oltp,agregacion_simple,consulta_2,frio,0,8.670244699998875
1000,oltp,agregacion_simple,consulta_2,caliente,1,9.95392269999138
1000,oltp,agregacion_simple,consulta_2,caliente,2,9.702487800008385
1000,oltp,agregacion_simple,consulta_2,caliente,3,8.76474519999465
1000,oltp,agregacion_simple,consulta_2,caliente,4,10.140868300004513
1000,oltp,agregacion_simple,consulta_2,caliente,5,9.284034199998132
1000,oltp,agregacion_simple,consulta_3,frio,0,4.411263799993321
1000,oltp,agregacion_simple,consulta_3,caliente,1,4.67467459999898
1000,oltp,agregacion_simple,consulta_3,caliente,2,2.8742779000021983
1000,oltp,agregacion_simple,consulta_3,caliente,3,2.6168178000079934
1000,oltp,agregacion_simple,consulta_3,caliente,4,2.8554973999998765
1000,oltp,agregacion_simple,consulta_3,caliente,5,3.154441000006045
1000,oltp,alta_selectividad,consulta_1,frio,0,0.013596399992820807
1000,oltp,alta_selectividad,consulta_1,caliente,1,0.00020029999723192304
1000,oltp,alta_selectividad,consulta_1,caliente,2,0.0002598999999463558
1000,oltp,alta_selectividad,consulta_1,caliente,3,8.149999484885484e-05
1000,oltp,alta_selectividad,consulta_1,caliente,4,7.239999831654131e-05
1000,oltp,alta_selectividad,consulta_1,caliente,5,6.92999892635271e-05
1000,oltp,alta_selectividad,consulta_2,frio,0,0.030982000011135824
1000,oltp,alta_selectividad,consulta_2,caliente,1,0.0005508000031113625
1000,oltp,alta_selectividad,consulta_2,caliente,2,0.0003826000029221177
1000,oltp,alta_selectividad,consulta_2,caliente,3,0.00012430000060703605
1000,oltp,alta_selectividad,consulta_2,caliente,4,0.0001779000012902543
1000,oltp,alta_selectividad,consulta_2,caliente,5,0.0005425000126706436
1000,oltp,alta_selectividad,consulta_3,frio,0,0.021222700001089834
1000,oltp,alta_selectividad,consulta_3,caliente,1,0.0003905000048689544
1000,oltp,alta_selectividad,consulta_3,caliente,2,0.0002491000050213188
1000,oltp,alta_selectividad,consulta_3,caliente,3,0.0003156000020680949
1000,oltp,alta_selectividad,consulta_3,caliente,4,0.00020009999570902437
1000,oltp,alta_selectividad,consulta_3,caliente,5,0.0001720000000204891
1000,oltp,alta_selectividad_join,consulta_1,frio,0,0.020956799999112263
1000,oltp,alta_selectividad_join,consulta_1,caliente,1,0.0004095999902347103
1000,oltp,alta_selectividad_join,consulta_1,caliente,2,0.00023960000544320792
1000,oltp,alta_selectividad_join,consulta_1,caliente,3,0.00019619999511633068
1000,oltp,alta_selectividad_join,consulta_1,caliente,4,0.00019029999384656549
1000,oltp,alta_selectividad_join,consulta_1,caliente,5,0.00018279999494552612
1000,oltp,alta_selectividad_join,consulta_2,frio,0,0.021568700001807883
1000,oltp,alta_selectividad_join,consulta_2,caliente,1,0.0005122000002302229
1000,oltp,alta_selectividad_join,consulta_2,caliente,2,0.0003197999903932214
1000,oltp,alta_selectividad_join,consulta_2,caliente,3,0.0002690999972401187
1000,oltp,alta_selectividad_join,consulta_2,caliente,4,0.000251300007221289
1000,oltp,alta_selectividad_join,consulta_2,caliente,5,0.0020884999976260588
1000,oltp,alta_selectividad_join,consulta_3,frio,0,0.13956779999716673
1000,oltp,alta_selectividad_join,consulta_3,caliente,1,0.058931700012180954
1000,oltp,alta_selectividad_join,consulta_3,caliente,2,0.14598990000376943
1000,oltp,alta_selectividad_join,consulta_3,caliente,3,0.061041900000418536
1000,oltp,alta_selectividad_join,consulta_3,caliente,4,0.05598239999380894
1000,oltp,alta_selectividad_join,consulta_3,caliente,5,0.055324500004644506
1000,oltp,joins_agregacion,consulta_1,frio,0,30.55649390000326
1000,oltp,joins_agregacion,consulta_1,caliente,1,32.45465800000238
1000,oltp,joins_agregacion,consulta_1,caliente,2,33.018748800008325
1000,oltp,joins_agregacion,consulta_1,caliente,3,32.82913949999784
1000,oltp,joins_agregacion,consulta_1,caliente,4,35.04116589999467
1000,oltp,joins_agregacion,consulta_1,caliente,5,35.68704659999639
1000,oltp,joins_agregacion,consulta_2,frio,0,0.2511858000070788
1000,oltp,joins_agregacion,consulta_2,caliente,1,0.0827246999979252
1000,oltp,joins_agregacion,consulta_2,caliente,2,0.07483549999597017
1000,oltp,joins_agregacion,consulta_2,caliente,3,0.07539539999561384
1000,oltp,joins_agregacion,consulta_2,caliente,4,0.07274439999309834
1000,oltp,joins_agregacion,consulta_2,caliente,5,0.07973709999350831
1000,oltp,joins_agregacion,consulta_3,frio,0,7.631735800008755
1000,oltp,joins_agregacion,consulta_3,caliente,1,7.40363640000578
1000,oltp,joins_agregacion,consulta_3,caliente,2,5.290102800005116
1000,oltp,joins_agregacion,consulta_3,caliente,3,5.330317799991462
1000,oltp,joins_agregacion,consulta_3,caliente,4,5.461607300007017
1000,oltp,joins_agregacion,consulta_3,caliente,5,5.816705400007777
